user_A,user_B
"Albert Carey","Albert Helibron"
"Albert Carey","Albert Karipova"
"Albert Carey","Albert Li"
"Albert Carey","Alex Carey"
"Albert Carey","Alex Keit"
"Albert Carey","Alex Peterson"
"Albert Carey","Betty Wood"
"Albert Carey","Bruno Karipova"
"Albert Carey","Bruno Li"
"Albert Carey","Bruno Lomet"
"Albert Carey","Celina Larson"
"Albert Carey","Charles DSouza"
"Albert Carey","Charles Parker"
"Albert Carey","Christy Helibron"
"Albert Carey","Christy Li"
"Albert Carey","Christy Lomet"
"Albert Carey","Denny Goldstein"
"Albert Carey","Elena Chrysler"
"Albert Carey","Emma Goldstein"
"Albert Carey","Emma Smith"
"Albert Carey","Erie DSouza"
"Albert Carey","Gabriela Li"
"Albert Carey","George Goldstein"
"Albert Carey","George Lomet"
"Albert Carey","Gina Carey"
"Albert Carey","Gina Helibron"
"Albert Carey","Gina Toddbridge"
"Albert Carey","Jeremy Carey"
"Albert Carey","Jeremy Goldstein"
"Albert Carey","John Wood"
"Albert Carey","Kitty Helibron"
"Albert Carey","Mandy Smith"
"Albert Carey","Mandy Wood"
"Albert Carey","Mary Smith"
"Albert Carey","Monica Lomet"
"Albert Carey","Monica Toddbridge"
"Albert Carey","Nadir Helibron"
"Albert Carey","Nadir Toddbridge"
"Albert Carey","Nadir Wood"
"Albert Carey","Roger Carey"
"Albert Carey","Roger Larson"
"Albert Carey","Roger Lomet"
"Albert Carey","Sam DSouza"
"Albert Carey","Sam Helibron"
"Albert Carey","Sam Li"
"Albert Carey","Sam Peterson"
"Albert Carey","Sarena Carey"
"Albert Carey","Sarena Li"
"Albert Carey","Tom Carey"
"Albert Helibron","Albert Karipova"
"Albert Helibron","Albert Li"
"Albert Helibron","Alex Carey"
"Albert Helibron","Alex Larson"
"Albert Helibron","Betty Wood"
"Albert Helibron","Bruno Keit"
"Albert Helibron","Bruno Lomet"
"Albert Helibron","Bruno Parker"
"Albert Helibron","Bruno Smith"
"Albert Helibron","Celina Larson"
"Albert Helibron","Celina Parker"
"Albert Helibron","Celina Toddbridge"
"Albert Helibron","Charles DSouza"
"Albert Helibron","Charles Karipova"
"Albert Helibron","Charles Parker"
"Albert Helibron","Charles Peterson"
"Albert Helibron","Christy Helibron"
"Albert Helibron","Christy Lomet"
"Albert Helibron","Denny Karipova"
"Albert Helibron","Denny Keit"
"Albert Helibron","Elena Chrysler"
"Albert Helibron","Elena DSouza"
"Albert Helibron","Emma Goldstein"
"Albert Helibron","Emma Smith"
"Albert Helibron","Erie Karipova"
"Albert Helibron","Gabriela Li"
"Albert Helibron","George Goldstein"
"Albert Helibron","Gina Carey"
"Albert Helibron","Gina Helibron"
"Albert Helibron","Gina Parker"
"Albert Helibron","Gina Toddbridge"
"Albert Helibron","Jeremy Carey"
"Albert Helibron","Jeremy Goldstein"
"Albert Helibron","John Parker"
"Albert Helibron","John Wood"
"Albert Helibron","Kitty Helibron"
"Albert Helibron","Kitty Toddbridge"
"Albert Helibron","Mandy Wood"
"Albert Helibron","Mary Smith"
"Albert Helibron","Monica Lomet"
"Albert Helibron","Monica Toddbridge"
"Albert Helibron","Nadir Helibron"
"Albert Helibron","Nadir Toddbridge"
"Albert Helibron","Nadir Wood"
"Albert Helibron","Roger Larson"
"Albert Helibron","Roger Lomet"
"Albert Helibron","Sam DSouza"
"Albert Helibron","Sam Helibron"
"Albert Helibron","Sam Peterson"
"Albert Helibron","Sarena Carey"
"Albert Helibron","Sarena DSouza"
"Albert Helibron","Sarena Li"
"Albert Helibron","Tina Keit"
"Albert Helibron","Tom Wood"
"Albert Karipova","Albert Carey"
"Albert Karipova","Albert Larson"
"Albert Karipova","Albert Li"
"Albert Karipova","Alex Keit"
"Albert Karipova","Alex Larson"
"Albert Karipova","Alex Peterson"
"Albert Karipova","Bruno Karipova"
"Albert Karipova","Bruno Lomet"
"Albert Karipova","Bruno Parker"
"Albert Karipova","Charles Karipova"
"Albert Karipova","Charles Parker"
"Albert Karipova","Charles Peterson"
"Albert Karipova","Christy Helibron"
"Albert Karipova","Christy Li"
"Albert Karipova","Christy Lomet"
"Albert Karipova","Denny Goldstein"
"Albert Karipova","Denny Karipova"
"Albert Karipova","Denny Toddbridge"
"Albert Karipova","Elena DSouza"
"Albert Karipova","Emma Goldstein"
"Albert Karipova","Emma Parker"
"Albert Karipova","Erie Karipova"
"Albert Karipova","Gabriela Li"
"Albert Karipova","George Parker"
"Albert Karipova","Gina Carey"
"Albert Karipova","Gina Helibron"
"Albert Karipova","Gina Larson"
"Albert Karipova","Gina Parker"
"Albert Karipova","Gina Toddbridge"
"Albert Karipova","Jeremy Carey"
"Albert Karipova","Jeremy Goldstein"
"Albert Karipova","Jeremy Parker"
"Albert Karipova","John Parker"
"Albert Karipova","John Wood"
"Albert Karipova","Kitty Helibron"
"Albert Karipova","Mandy Wood"
"Albert Karipova","Mary Smith"
"Albert Karipova","Monica DSouza"
"Albert Karipova","Monica Keit"
"Albert Karipova","Monica Lomet"
"Albert Karipova","Nadir Helibron"
"Albert Karipova","Nadir Karipova"
"Albert Karipova","Nadir Li"
"Albert Karipova","Nadir Toddbridge"
"Albert Karipova","Nadir Wood"
"Albert Karipova","Roger Carey"
"Albert Karipova","Roger Larson"
"Albert Karipova","Roger Lomet"
"Albert Karipova","Sam DSouza"
"Albert Karipova","Sam Goldstein"
"Albert Karipova","Sam Li"
"Albert Karipova","Sarena DSouza"
"Albert Karipova","Tina Keit"
"Albert Karipova","Tom Chrysler"
"Albert Karipova","Tom Wood"
"Albert Larson","Albert Karipova"
"Albert Larson","Albert Li"
"Albert Larson","Alex Carey"
"Albert Larson","Alex Larson"
"Albert Larson","Alex Peterson"
"Albert Larson","Betty Helibron"
"Albert Larson","Betty Lomet"
"Albert Larson","Bruno Karipova"
"Albert Larson","Bruno Larson"
"Albert Larson","Bruno Smith"
"Albert Larson","Celina Parker"
"Albert Larson","Charles Karipova"
"Albert Larson","Charles Parker"
"Albert Larson","Charles Peterson"
"Albert Larson","David Parker"
"Albert Larson","Denny Goldstein"
"Albert Larson","Denny Keit"
"Albert Larson","Denny Toddbridge"
"Albert Larson","Elena DSouza"
"Albert Larson","Elena Parker"
"Albert Larson","Emma DSouza"
"Albert Larson","Emma Goldstein"
"Albert Larson","Emma Parker"
"Albert Larson","Erie DSouza"
"Albert Larson","Gabriela Li"
"Albert Larson","George Parker"
"Albert Larson","George Smith"
"Albert Larson","Gina Carey"
"Albert Larson","Gina Larson"
"Albert Larson","Gina Smith"
"Albert Larson","Jeremy Goldstein"
"Albert Larson","John Parker"
"Albert Larson","Mandy Wood"
"Albert Larson","Mike Keit"
"Albert Larson","Monica Keit"
"Albert Larson","Monica Lomet"
"Albert Larson","Monica Toddbridge"
"Albert Larson","Nadir Helibron"
"Albert Larson","Nadir Karipova"
"Albert Larson","Nadir Li"
"Albert Larson","Peter Keit"
"Albert Larson","Roger Carey"
"Albert Larson","Roger DSouza"
"Albert Larson","Sam Goldstein"
"Albert Larson","Sam Helibron"
"Albert Larson","Sam Larson"
"Albert Larson","Sam Peterson"
"Albert Larson","Tina Keit"
"Albert Larson","Tom Chrysler"
"Albert Larson","Tom Wood"
"Albert Li","Albert Carey"
"Albert Li","Albert Helibron"
"Albert Li","Albert Karipova"
"Albert Li","Albert Larson"
"Albert Li","Alex Carey"
"Albert Li","Alex Larson"
"Albert Li","Alex Peterson"
"Albert Li","Betty Chrysler"
"Albert Li","Betty Wood"
"Albert Li","Bruno Karipova"
"Albert Li","Bruno Keit"
"Albert Li","Bruno Larson"
"Albert Li","Bruno Lomet"
"Albert Li","Bruno Parker"
"Albert Li","Bruno Smith"
"Albert Li","Celina Parker"
"Albert Li","Charles DSouza"
"Albert Li","Charles Parker"
"Albert Li","Charles Peterson"
"Albert Li","Christy Li"
"Albert Li","Denny Goldstein"
"Albert Li","Denny Karipova"
"Albert Li","Denny Keit"
"Albert Li","Denny Toddbridge"
"Albert Li","Elena Chrysler"
"Albert Li","Elena DSouza"
"Albert Li","Emma DSouza"
"Albert Li","Emma Goldstein"
"Albert Li","Emma Parker"
"Albert Li","Emma Smith"
"Albert Li","Gabriela Li"
"Albert Li","George Goldstein"
"Albert Li","George Parker"
"Albert Li","Gina Larson"
"Albert Li","Gina Toddbridge"
"Albert Li","Jeremy Carey"
"Albert Li","Jeremy Goldstein"
"Albert Li","Jeremy Parker"
"Albert Li","John Parker"
"Albert Li","Kitty Toddbridge"
"Albert Li","Mary Smith"
"Albert Li","Monica DSouza"
"Albert Li","Monica Keit"
"Albert Li","Monica Lomet"
"Albert Li","Nadir Helibron"
"Albert Li","Nadir Li"
"Albert Li","Nadir Wood"
"Albert Li","Peter Karipova"
"Albert Li","Roger Carey"
"Albert Li","Roger Larson"
"Albert Li","Roger Lomet"
"Albert Li","Sam DSouza"
"Albert Li","Sam Helibron"
"Albert Li","Sarena Carey"
"Albert Li","Sarena DSouza"
"Albert Li","Tina Keit"
"Albert Li","Tom Chrysler"
"Albert Li","Tom Wood"
"Albert Smith","Alex Carey"
"Albert Smith","Alex Keit"
"Albert Smith","Alex Peterson"
"Albert Smith","Betty Helibron"
"Albert Smith","Betty Wood"
"Albert Smith","Bruno Karipova"
"Albert Smith","Bruno Keit"
"Albert Smith","Bruno Larson"
"Albert Smith","Bruno Li"
"Albert Smith","Bruno Lomet"
"Albert Smith","Bruno Parker"
"Albert Smith","Bruno Smith"
"Albert Smith","Celina Parker"
"Albert Smith","Charles Chrysler"
"Albert Smith","Charles DSouza"
"Albert Smith","David Parker"
"Albert Smith","Denny Goldstein"
"Albert Smith","Denny Karipova"
"Albert Smith","Denny Larson"
"Albert Smith","Elena Chrysler"
"Albert Smith","Elena DSouza"
"Albert Smith","Elena Parker"
"Albert Smith","Erie DSouza"
"Albert Smith","George Lomet"
"Albert Smith","George Smith"
"Albert Smith","Gina Carey"
"Albert Smith","Gina Parker"
"Albert Smith","Gina Smith"
"Albert Smith","John Chrysler"
"Albert Smith","Mandy Smith"
"Albert Smith","Mandy Wood"
"Albert Smith","Mary Smith"
"Albert Smith","Mike Keit"
"Albert Smith","Monica Keit"
"Albert Smith","Monica Lomet"
"Albert Smith","Monica Toddbridge"
"Albert Smith","Nadir Helibron"
"Albert Smith","Nadir Karipova"
"Albert Smith","Nadir Li"
"Albert Smith","Peter Keit"
"Albert Smith","Roger Carey"
"Albert Smith","Roger DSouza"
"Albert Smith","Roger Lomet"
"Albert Smith","Sam Helibron"
"Albert Smith","Sam Peterson"
"Albert Smith","Sarena Carey"
"Albert Smith","Sarena Li"
"Alex Carey","Albert Carey"
"Alex Carey","Albert Helibron"
"Alex Carey","Albert Karipova"
"Alex Carey","Albert Larson"
"Alex Carey","Albert Li"
"Alex Carey","Albert Smith"
"Alex Carey","Alex Keit"
"Alex Carey","Alex Peterson"
"Alex Carey","Betty Chrysler"
"Alex Carey","Betty Helibron"
"Alex Carey","Betty Lomet"
"Alex Carey","Betty Wood"
"Alex Carey","Bruno Karipova"
"Alex Carey","Bruno Keit"
"Alex Carey","Bruno Larson"
"Alex Carey","Bruno Parker"
"Alex Carey","Bruno Smith"
"Alex Carey","Celina Parker"
"Alex Carey","Celina Toddbridge"
"Alex Carey","Charles DSouza"
"Alex Carey","Charles Karipova"
"Alex Carey","Charles Peterson"
"Alex Carey","Christy Helibron"
"Alex Carey","Christy Li"
"Alex Carey","David Parker"
"Alex Carey","Denny Goldstein"
"Alex Carey","Denny Karipova"
"Alex Carey","Denny Keit"
"Alex Carey","Elena Chrysler"
"Alex Carey","Elena DSouza"
"Alex Carey","Elena Parker"
"Alex Carey","Emma DSouza"
"Alex Carey","Emma Goldstein"
"Alex Carey","Emma Smith"
"Alex Carey","Erie DSouza"
"Alex Carey","Gabriela Li"
"Alex Carey","George Lomet"
"Alex Carey","George Parker"
"Alex Carey","George Smith"
"Alex Carey","Gina Carey"
"Alex Carey","Gina Parker"
"Alex Carey","Gina Toddbridge"
"Alex Carey","Jeremy Carey"
"Alex Carey","Jeremy Parker"
"Alex Carey","John Parker"
"Alex Carey","John Wood"
"Alex Carey","Kitty Helibron"
"Alex Carey","Kitty Toddbridge"
"Alex Carey","Mandy Smith"
"Alex Carey","Mike Keit"
"Alex Carey","Monica DSouza"
"Alex Carey","Monica Lomet"
"Alex Carey","Monica Toddbridge"
"Alex Carey","Nadir Helibron"
"Alex Carey","Nadir Li"
"Alex Carey","Nadir Wood"
"Alex Carey","Peter Karipova"
"Alex Carey","Peter Keit"
"Alex Carey","Roger Carey"
"Alex Carey","Roger DSouza"
"Alex Carey","Roger Larson"
"Alex Carey","Roger Lomet"
"Alex Carey","Sam DSouza"
"Alex Carey","Sam Helibron"
"Alex Carey","Sam Li"
"Alex Carey","Tina Keit"
"Alex Carey","Tom Wood"
"Alex Keit","Albert Carey"
"Alex Keit","Albert Helibron"
"Alex Keit","Albert Karipova"
"Alex Keit","Albert Li"
"Alex Keit","Albert Smith"
"Alex Keit","Alex Carey"
"Alex Keit","Alex Larson"
"Alex Keit","Alex Peterson"
"Alex Keit","Alex Wood"
"Alex Keit","Betty Wood"
"Alex Keit","Bruno Karipova"
"Alex Keit","Bruno Keit"
"Alex Keit","Bruno Li"
"Alex Keit","Bruno Lomet"
"Alex Keit","Bruno Parker"
"Alex Keit","Celina Larson"
"Alex Keit","Charles DSouza"
"Alex Keit","Charles Parker"
"Alex Keit","Charles Peterson"
"Alex Keit","Christy Helibron"
"Alex Keit","Christy Li"
"Alex Keit","David Parker"
"Alex Keit","Denny Karipova"
"Alex Keit","Denny Keit"
"Alex Keit","Elena Chrysler"
"Alex Keit","Elena DSouza"
"Alex Keit","Emma Goldstein"
"Alex Keit","Emma Smith"
"Alex Keit","Erie DSouza"
"Alex Keit","Gabriela Li"
"Alex Keit","George Goldstein"
"Alex Keit","George Lomet"
"Alex Keit","George Parker"
"Alex Keit","Gina Carey"
"Alex Keit","Gina Helibron"
"Alex Keit","Gina Larson"
"Alex Keit","Gina Toddbridge"
"Alex Keit","Jeremy Goldstein"
"Alex Keit","John Parker"
"Alex Keit","John Wood"
"Alex Keit","Kitty Toddbridge"
"Alex Keit","Mandy Smith"
"Alex Keit","Mike Keit"
"Alex Keit","Monica DSouza"
"Alex Keit","Monica Lomet"
"Alex Keit","Monica Toddbridge"
"Alex Keit","Nadir Goldstein"
"Alex Keit","Nadir Karipova"
"Alex Keit","Nadir Wood"
"Alex Keit","Peter Karipova"
"Alex Keit","Roger Carey"
"Alex Keit","Roger DSouza"
"Alex Keit","Roger Larson"
"Alex Keit","Roger Lomet"
"Alex Keit","Sam DSouza"
"Alex Keit","Sam Helibron"
"Alex Keit","Sam Larson"
"Alex Keit","Sam Peterson"
"Alex Keit","Sarena DSouza"
"Alex Keit","Sarena Li"
"Alex Keit","Tina Keit"
"Alex Keit","Tom Carey"
"Alex Keit","Tom Wood"
"Alex Larson","Albert Helibron"
"Alex Larson","Albert Karipova"
"Alex Larson","Albert Larson"
"Alex Larson","Albert Li"
"Alex Larson","Albert Smith"
"Alex Larson","Alex Keit"
"Alex Larson","Alex Peterson"
"Alex Larson","Betty Wood"
"Alex Larson","Bruno Karipova"
"Alex Larson","Bruno Lomet"
"Alex Larson","Celina Larson"
"Alex Larson","Celina Toddbridge"
"Alex Larson","Charles Chrysler"
"Alex Larson","Charles DSouza"
"Alex Larson","Charles Karipova"
"Alex Larson","Charles Parker"
"Alex Larson","Charles Peterson"
"Alex Larson","Christy Lomet"
"Alex Larson","David Parker"
"Alex Larson","Denny Goldstein"
"Alex Larson","Denny Keit"
"Alex Larson","Elena Chrysler"
"Alex Larson","Elena DSouza"
"Alex Larson","Elena Parker"
"Alex Larson","Emma Goldstein"
"Alex Larson","Erie Karipova"
"Alex Larson","Gabriela Li"
"Alex Larson","Gina Carey"
"Alex Larson","Gina Larson"
"Alex Larson","Gina Parker"
"Alex Larson","Gina Smith"
"Alex Larson","Jeremy Carey"
"Alex Larson","Jeremy Goldstein"
"Alex Larson","Jeremy Parker"
"Alex Larson","John Wood"
"Alex Larson","Mandy Wood"
"Alex Larson","Mike Keit"
"Alex Larson","Monica DSouza"
"Alex Larson","Monica Keit"
"Alex Larson","Monica Lomet"
"Alex Larson","Nadir Karipova"
"Alex Larson","Nadir Toddbridge"
"Alex Larson","Nadir Wood"
"Alex Larson","Peter Keit"
"Alex Larson","Roger Carey"
"Alex Larson","Roger DSouza"
"Alex Larson","Roger Larson"
"Alex Larson","Sam Goldstein"
"Alex Larson","Sam Larson"
"Alex Larson","Sam Li"
"Alex Larson","Sam Peterson"
"Alex Larson","Sarena Li"
"Alex Larson","Tina Keit"
"Alex Larson","Tom Carey"
"Alex Larson","Tom Wood"
"Alex Peterson","Albert Larson"
"Alex Peterson","Albert Smith"
"Alex Peterson","Alex Carey"
"Alex Peterson","Alex Keit"
"Alex Peterson","Alex Larson"
"Alex Peterson","Alex Wood"
"Alex Peterson","Betty Wood"
"Alex Peterson","Bruno Karipova"
"Alex Peterson","Bruno Keit"
"Alex Peterson","Bruno Li"
"Alex Peterson","Bruno Lomet"
"Alex Peterson","Bruno Parker"
"Alex Peterson","Celina Larson"
"Alex Peterson","Charles Karipova"
"Alex Peterson","Charles Parker"
"Alex Peterson","Charles Peterson"
"Alex Peterson","Christy Lomet"
"Alex Peterson","David Parker"
"Alex Peterson","Denny Karipova"
"Alex Peterson","Denny Keit"
"Alex Peterson","Denny Toddbridge"
"Alex Peterson","Elena Chrysler"
"Alex Peterson","Emma Parker"
"Alex Peterson","Emma Smith"
"Alex Peterson","Gabriela Li"
"Alex Peterson","George Lomet"
"Alex Peterson","George Parker"
"Alex Peterson","Gina Carey"
"Alex Peterson","Gina Parker"
"Alex Peterson","Jeremy Carey"
"Alex Peterson","Jeremy Goldstein"
"Alex Peterson","John Parker"
"Alex Peterson","John Wood"
"Alex Peterson","Kitty Toddbridge"
"Alex Peterson","Mandy Smith"
"Alex Peterson","Mandy Wood"
"Alex Peterson","Mary Smith"
"Alex Peterson","Monica Keit"
"Alex Peterson","Monica Lomet"
"Alex Peterson","Monica Toddbridge"
"Alex Peterson","Nadir Karipova"
"Alex Peterson","Nadir Li"
"Alex Peterson","Nadir Toddbridge"
"Alex Peterson","Nadir Wood"
"Alex Peterson","Peter Karipova"
"Alex Peterson","Peter Keit"
"Alex Peterson","Roger Larson"
"Alex Peterson","Roger Lomet"
"Alex Peterson","Sam Goldstein"
"Alex Peterson","Sam Helibron"
"Alex Peterson","Sam Larson"
"Alex Peterson","Sam Peterson"
"Alex Peterson","Sarena Carey"
"Alex Peterson","Tom Carey"
"Alex Peterson","Tom Wood"
"Alex Wood","Alex Peterson"
"Alex Wood","Betty Wood"
"Alex Wood","Bruno Karipova"
"Alex Wood","Bruno Keit"
"Alex Wood","Bruno Li"
"Alex Wood","Bruno Lomet"
"Alex Wood","Celina Larson"
"Alex Wood","Christy Lomet"
"Alex Wood","David Parker"
"Alex Wood","Elena DSouza"
"Alex Wood","Emma Smith"
"Alex Wood","Gabriela Li"
"Alex Wood","Gina Larson"
"Alex Wood","Gina Parker"
"Alex Wood","Jeremy Parker"
"Alex Wood","John Parker"
"Alex Wood","John Wood"
"Alex Wood","Kitty Toddbridge"
"Alex Wood","Mandy Smith"
"Alex Wood","Monica DSouza"
"Alex Wood","Monica Keit"
"Alex Wood","Monica Lomet"
"Alex Wood","Nadir Goldstein"
"Alex Wood","Nadir Li"
"Alex Wood","Nadir Toddbridge"
"Alex Wood","Peter Karipova"
"Alex Wood","Peter Keit"
"Alex Wood","Sam DSouza"
"Alex Wood","Tom Wood"
"Betty Chrysler","Albert Helibron"
"Betty Chrysler","Albert Li"
"Betty Chrysler","Alex Carey"
"Betty Chrysler","Bruno Keit"
"Betty Chrysler","Bruno Larson"
"Betty Chrysler","Bruno Lomet"
"Betty Chrysler","Christy Li"
"Betty Chrysler","Denny Goldstein"
"Betty Chrysler","Elena Chrysler"
"Betty Chrysler","Elena DSouza"
"Betty Chrysler","Emma DSouza"
"Betty Chrysler","Emma Goldstein"
"Betty Chrysler","Emma Smith"
"Betty Chrysler","Gina Parker"
"Betty Chrysler","Jeremy Carey"
"Betty Chrysler","John Wood"
"Betty Chrysler","Kitty Toddbridge"
"Betty Chrysler","Monica Toddbridge"
"Betty Chrysler","Nadir Helibron"
"Betty Chrysler","Nadir Li"
"Betty Chrysler","Peter Karipova"
"Betty Chrysler","Roger Carey"
"Betty Chrysler","Sam Helibron"
"Betty Chrysler","Sam Li"
"Betty Chrysler","Sarena DSouza"
"Betty Chrysler","Sarena Li"
"Betty Chrysler","Tina Keit"
"Betty Chrysler","Tom Wood"
"Betty Helibron","Albert Larson"
"Betty Helibron","Albert Smith"
"Betty Helibron","Bruno Karipova"
"Betty Helibron","Bruno Larson"
"Betty Helibron","Bruno Smith"
"Betty Helibron","Celina Parker"
"Betty Helibron","Christy Li"
"Betty Helibron","Elena DSouza"
"Betty Helibron","Elena Parker"
"Betty Helibron","Emma DSouza"
"Betty Helibron","Erie DSouza"
"Betty Helibron","George Smith"
"Betty Helibron","Gina Carey"
"Betty Helibron","Mike Keit"
"Betty Helibron","Monica Lomet"
"Betty Helibron","Nadir Helibron"
"Betty Helibron","Nadir Li"
"Betty Helibron","Peter Keit"
"Betty Helibron","Roger Carey"
"Betty Helibron","Roger DSouza"
"Betty Helibron","Sam Helibron"
"Betty Helibron","Sam Larson"
"Betty Helibron","Tina Keit"
"Betty Lomet","Albert Larson"
"Betty Lomet","Albert Smith"
"Betty Lomet","Alex Carey"
"Betty Lomet","Bruno Larson"
"Betty Lomet","Bruno Smith"
"Betty Lomet","Celina Parker"
"Betty Lomet","Christy Li"
"Betty Lomet","Denny Goldstein"
"Betty Lomet","Elena DSouza"
"Betty Lomet","Elena Parker"
"Betty Lomet","Emma DSouza"
"Betty Lomet","Erie DSouza"
"Betty Lomet","George Smith"
"Betty Lomet","Gina Carey"
"Betty Lomet","Gina Smith"
"Betty Lomet","Mike Keit"
"Betty Lomet","Monica Lomet"
"Betty Lomet","Monica Toddbridge"
"Betty Lomet","Nadir Helibron"
"Betty Lomet","Nadir Li"
"Betty Lomet","Peter Keit"
"Betty Lomet","Roger Carey"
"Betty Lomet","Roger DSouza"
"Betty Lomet","Sam Larson"
"Betty Wood","Albert Carey"
"Betty Wood","Albert Li"
"Betty Wood","Albert Smith"
"Betty Wood","Alex Carey"
"Betty Wood","Alex Keit"
"Betty Wood","Alex Larson"
"Betty Wood","Alex Wood"
"Betty Wood","Bruno Karipova"
"Betty Wood","Bruno Keit"
"Betty Wood","Bruno Li"
"Betty Wood","Bruno Lomet"
"Betty Wood","Bruno Parker"
"Betty Wood","Celina Larson"
"Betty Wood","Celina Toddbridge"
"Betty Wood","Charles Chrysler"
"Betty Wood","Charles DSouza"
"Betty Wood","Charles Karipova"
"Betty Wood","Charles Parker"
"Betty Wood","Charles Peterson"
"Betty Wood","Christy Li"
"Betty Wood","Christy Lomet"
"Betty Wood","Denny Goldstein"
"Betty Wood","Denny Karipova"
"Betty Wood","Denny Keit"
"Betty Wood","Denny Larson"
"Betty Wood","Elena Chrysler"
"Betty Wood","Elena DSouza"
"Betty Wood","Elena Parker"
"Betty Wood","Emma Goldstein"
"Betty Wood","Erie Karipova"
"Betty Wood","Gabriela Li"
"Betty Wood","Gina Carey"
"Betty Wood","Gina Helibron"
"Betty Wood","Gina Larson"
"Betty Wood","Gina Parker"
"Betty Wood","Gina Smith"
"Betty Wood","Gina Toddbridge"
"Betty Wood","Jeremy Carey"
"Betty Wood","Jeremy Goldstein"
"Betty Wood","Jeremy Parker"
"Betty Wood","John Chrysler"
"Betty Wood","John Parker"
"Betty Wood","John Wood"
"Betty Wood","Kitty Helibron"
"Betty Wood","Kitty Toddbridge"
"Betty Wood","Mandy Smith"
"Betty Wood","Mandy Wood"
"Betty Wood","Mary Smith"
"Betty Wood","Mike Keit"
"Betty Wood","Monica DSouza"
"Betty Wood","Monica Keit"
"Betty Wood","Monica Lomet"
"Betty Wood","Nadir Goldstein"
"Betty Wood","Nadir Helibron"
"Betty Wood","Nadir Toddbridge"
"Betty Wood","Nadir Wood"
"Betty Wood","Peter Keit"
"Betty Wood","Roger Carey"
"Betty Wood","Roger DSouza"
"Betty Wood","Roger Larson"
"Betty Wood","Roger Lomet"
"Betty Wood","Sam Helibron"
"Betty Wood","Sam Larson"
"Betty Wood","Sam Li"
"Betty Wood","Sam Peterson"
"Betty Wood","Sarena Carey"
"Betty Wood","Sarena DSouza"
"Betty Wood","Sarena Li"
"Betty Wood","Tina Keit"
"Betty Wood","Tom Carey"
"Betty Wood","Tom Wood"
"Bruno Karipova","Albert Karipova"
"Bruno Karipova","Albert Larson"
"Bruno Karipova","Albert Smith"
"Bruno Karipova","Alex Carey"
"Bruno Karipova","Alex Larson"
"Bruno Karipova","Alex Wood"
"Bruno Karipova","Betty Helibron"
"Bruno Karipova","Betty Wood"
"Bruno Karipova","Bruno Larson"
"Bruno Karipova","Bruno Li"
"Bruno Karipova","Bruno Lomet"
"Bruno Karipova","Bruno Smith"
"Bruno Karipova","Celina Larson"
"Bruno Karipova","Celina Parker"
"Bruno Karipova","Charles DSouza"
"Bruno Karipova","Charles Karipova"
"Bruno Karipova","Charles Parker"
"Bruno Karipova","Charles Peterson"
"Bruno Karipova","Christy Helibron"
"Bruno Karipova","Christy Li"
"Bruno Karipova","Christy Lomet"
"Bruno Karipova","David Parker"
"Bruno Karipova","Denny Goldstein"
"Bruno Karipova","Denny Karipova"
"Bruno Karipova","Denny Keit"
"Bruno Karipova","Elena Chrysler"
"Bruno Karipova","Elena Parker"
"Bruno Karipova","Emma DSouza"
"Bruno Karipova","Emma Goldstein"
"Bruno Karipova","Emma Parker"
"Bruno Karipova","Emma Smith"
"Bruno Karipova","Erie DSouza"
"Bruno Karipova","Gabriela Li"
"Bruno Karipova","George Goldstein"
"Bruno Karipova","George Parker"
"Bruno Karipova","George Smith"
"Bruno Karipova","Gina Helibron"
"Bruno Karipova","Gina Larson"
"Bruno Karipova","Gina Parker"
"Bruno Karipova","Gina Toddbridge"
"Bruno Karipova","Jeremy Carey"
"Bruno Karipova","Jeremy Goldstein"
"Bruno Karipova","Jeremy Parker"
"Bruno Karipova","John Parker"
"Bruno Karipova","John Wood"
"Bruno Karipova","Kitty Toddbridge"
"Bruno Karipova","Mandy Wood"
"Bruno Karipova","Mike Keit"
"Bruno Karipova","Monica Keit"
"Bruno Karipova","Monica Lomet"
"Bruno Karipova","Monica Toddbridge"
"Bruno Karipova","Nadir Goldstein"
"Bruno Karipova","Nadir Helibron"
"Bruno Karipova","Nadir Karipova"
"Bruno Karipova","Nadir Toddbridge"
"Bruno Karipova","Nadir Wood"
"Bruno Karipova","Peter Karipova"
"Bruno Karipova","Peter Keit"
"Bruno Karipova","Roger Carey"
"Bruno Karipova","Roger DSouza"
"Bruno Karipova","Roger Lomet"
"Bruno Karipova","Sam DSouza"
"Bruno Karipova","Sam Goldstein"
"Bruno Karipova","Sam Helibron"
"Bruno Karipova","Sam Larson"
"Bruno Karipova","Sam Peterson"
"Bruno Karipova","Sarena Carey"
"Bruno Karipova","Tina Keit"
"Bruno Karipova","Tom Wood"
"Bruno Keit","Albert Helibron"
"Bruno Keit","Albert Li"
"Bruno Keit","Alex Carey"
"Bruno Keit","Alex Keit"
"Bruno Keit","Alex Peterson"
"Bruno Keit","Alex Wood"
"Bruno Keit","Betty Wood"
"Bruno Keit","Bruno Karipova"
"Bruno Keit","Bruno Larson"
"Bruno Keit","Bruno Li"
"Bruno Keit","Bruno Lomet"
"Bruno Keit","Bruno Parker"
"Bruno Keit","Bruno Smith"
"Bruno Keit","Celina Larson"
"Bruno Keit","Celina Parker"
"Bruno Keit","Celina Toddbridge"
"Bruno Keit","Charles Karipova"
"Bruno Keit","Charles Parker"
"Bruno Keit","Charles Peterson"
"Bruno Keit","Christy Lomet"
"Bruno Keit","David Parker"
"Bruno Keit","Denny Karipova"
"Bruno Keit","Denny Keit"
"Bruno Keit","Elena DSouza"
"Bruno Keit","Emma DSouza"
"Bruno Keit","Emma Goldstein"
"Bruno Keit","Emma Smith"
"Bruno Keit","Erie DSouza"
"Bruno Keit","Gabriela Li"
"Bruno Keit","George Goldstein"
"Bruno Keit","George Lomet"
"Bruno Keit","George Parker"
"Bruno Keit","Gina Larson"
"Bruno Keit","Gina Parker"
"Bruno Keit","Gina Smith"
"Bruno Keit","Jeremy Carey"
"Bruno Keit","Jeremy Goldstein"
"Bruno Keit","Jeremy Parker"
"Bruno Keit","John Wood"
"Bruno Keit","Kitty Toddbridge"
"Bruno Keit","Monica DSouza"
"Bruno Keit","Monica Keit"
"Bruno Keit","Monica Lomet"
"Bruno Keit","Monica Toddbridge"
"Bruno Keit","Nadir Goldstein"
"Bruno Keit","Nadir Helibron"
"Bruno Keit","Nadir Karipova"
"Bruno Keit","Nadir Li"
"Bruno Keit","Peter Karipova"
"Bruno Keit","Roger Carey"
"Bruno Keit","Roger DSouza"
"Bruno Keit","Roger Lomet"
"Bruno Keit","Sam DSouza"
"Bruno Keit","Sam Helibron"
"Bruno Keit","Sam Li"
"Bruno Keit","Sarena Carey"
"Bruno Keit","Sarena DSouza"
"Bruno Keit","Sarena Li"
"Bruno Keit","Tina Keit"
"Bruno Keit","Tom Carey"
"Bruno Larson","Albert Helibron"
"Bruno Larson","Albert Larson"
"Bruno Larson","Albert Li"
"Bruno Larson","Albert Smith"
"Bruno Larson","Alex Carey"
"Bruno Larson","Betty Chrysler"
"Bruno Larson","Betty Helibron"
"Bruno Larson","Betty Lomet"
"Bruno Larson","Bruno Karipova"
"Bruno Larson","Bruno Keit"
"Bruno Larson","Bruno Lomet"
"Bruno Larson","Bruno Parker"
"Bruno Larson","Bruno Smith"
"Bruno Larson","Celina Parker"
"Bruno Larson","Celina Toddbridge"
"Bruno Larson","Charles Karipova"
"Bruno Larson","Charles Peterson"
"Bruno Larson","Christy Li"
"Bruno Larson","Denny Goldstein"
"Bruno Larson","Denny Keit"
"Bruno Larson","Elena Chrysler"
"Bruno Larson","Elena Parker"
"Bruno Larson","Emma DSouza"
"Bruno Larson","George Goldstein"
"Bruno Larson","George Lomet"
"Bruno Larson","George Parker"
"Bruno Larson","George Smith"
"Bruno Larson","Gina Carey"
"Bruno Larson","Jeremy Parker"
"Bruno Larson","John Wood"
"Bruno Larson","Kitty Helibron"
"Bruno Larson","Kitty Toddbridge"
"Bruno Larson","Mike Keit"
"Bruno Larson","Monica DSouza"
"Bruno Larson","Monica Lomet"
"Bruno Larson","Monica Toddbridge"
"Bruno Larson","Nadir Karipova"
"Bruno Larson","Nadir Li"
"Bruno Larson","Peter Karipova"
"Bruno Larson","Peter Keit"
"Bruno Larson","Roger Carey"
"Bruno Larson","Roger DSouza"
"Bruno Larson","Sam Helibron"
"Bruno Larson","Sarena Carey"
"Bruno Larson","Sarena DSouza"
"Bruno Larson","Sarena Li"
"Bruno Larson","Tom Carey"
"Bruno Li","Albert Carey"
"Bruno Li","Albert Smith"
"Bruno Li","Alex Carey"
"Bruno Li","Alex Keit"
"Bruno Li","Betty Wood"
"Bruno Li","Bruno Karipova"
"Bruno Li","Bruno Keit"
"Bruno Li","Bruno Lomet"
"Bruno Li","Celina Larson"
"Bruno Li","Charles Chrysler"
"Bruno Li","Charles DSouza"
"Bruno Li","Charles Peterson"
"Bruno Li","Christy Lomet"
"Bruno Li","David Parker"
"Bruno Li","Denny Karipova"
"Bruno Li","Denny Larson"
"Bruno Li","Elena Chrysler"
"Bruno Li","Elena DSouza"
"Bruno Li","Emma Goldstein"
"Bruno Li","Emma Smith"
"Bruno Li","Erie DSouza"
"Bruno Li","Gabriela Li"
"Bruno Li","George Lomet"
"Bruno Li","George Parker"
"Bruno Li","Gina Carey"
"Bruno Li","Gina Larson"
"Bruno Li","Gina Parker"
"Bruno Li","Gina Smith"
"Bruno Li","Jeremy Goldstein"
"Bruno Li","Jeremy Parker"
"Bruno Li","John Chrysler"
"Bruno Li","John Parker"
"Bruno Li","John Wood"
"Bruno Li","Kitty Toddbridge"
"Bruno Li","Mandy Smith"
"Bruno Li","Mandy Wood"
"Bruno Li","Mary Smith"
"Bruno Li","Mike Keit"
"Bruno Li","Monica DSouza"
"Bruno Li","Monica Lomet"
"Bruno Li","Monica Toddbridge"
"Bruno Li","Nadir Goldstein"
"Bruno Li","Nadir Karipova"
"Bruno Li","Nadir Li"
"Bruno Li","Nadir Toddbridge"
"Bruno Li","Nadir Wood"
"Bruno Li","Peter Keit"
"Bruno Li","Roger DSouza"
"Bruno Li","Roger Lomet"
"Bruno Li","Sam DSouza"
"Bruno Li","Sam Larson"
"Bruno Li","Sam Peterson"
"Bruno Li","Sarena Carey"
"Bruno Li","Sarena Li"
"Bruno Li","Tom Carey"
"Bruno Li","Tom Wood"
"Bruno Lomet","Albert Carey"
"Bruno Lomet","Albert Helibron"
"Bruno Lomet","Albert Li"
"Bruno Lomet","Albert Smith"
"Bruno Lomet","Alex Carey"
"Bruno Lomet","Alex Keit"
"Bruno Lomet","Alex Peterson"
"Bruno Lomet","Betty Chrysler"
"Bruno Lomet","Betty Wood"
"Bruno Lomet","Bruno Karipova"
"Bruno Lomet","Bruno Keit"
"Bruno Lomet","Bruno Li"
"Bruno Lomet","Bruno Parker"
"Bruno Lomet","Bruno Smith"
"Bruno Lomet","Celina Larson"
"Bruno Lomet","Celina Parker"
"Bruno Lomet","Celina Toddbridge"
"Bruno Lomet","Charles DSouza"
"Bruno Lomet","Charles Karipova"
"Bruno Lomet","Charles Peterson"
"Bruno Lomet","Christy Li"
"Bruno Lomet","Christy Lomet"
"Bruno Lomet","David Parker"
"Bruno Lomet","Denny Karipova"
"Bruno Lomet","Elena Chrysler"
"Bruno Lomet","Elena DSouza"
"Bruno Lomet","Emma DSouza"
"Bruno Lomet","Emma Goldstein"
"Bruno Lomet","Emma Smith"
"Bruno Lomet","Erie DSouza"
"Bruno Lomet","Erie Karipova"
"Bruno Lomet","Gabriela Li"
"Bruno Lomet","George Goldstein"
"Bruno Lomet","George Parker"
"Bruno Lomet","Gina Carey"
"Bruno Lomet","Gina Larson"
"Bruno Lomet","Jeremy Carey"
"Bruno Lomet","Jeremy Goldstein"
"Bruno Lomet","Jeremy Parker"
"Bruno Lomet","John Parker"
